RACE,DATE TIME ET,TV
Formula 1 Gulf Air Bahrain Grand Prix 2023,Mar 5 10:00am,-
Formula 1 STC Saudi Arabian Grand Prix 2023,Mar 19 1:00pm,-
Formula 1 Rolex Australian Grand Prix 2023,Apr 2 1:00am,-
Formula 1 Azerbaijan Grand Prix 2023,Apr 30 7:00am,-
Formula 1 Crypto.com Miami Grand Prix 2023,May 7 3:30pm,-
Formula 1 Made in Italy Emilia Romagna Grand Prix 2023,May 21 9:00am,-
Formula 1 Monaco Grand Prix 2023,May 28 9:00am,-
Formula 1 Spanish Grand Prix 2023,Jun 4 9:00am,-
Formula 1 Canadian Grand Prix 2023,Jun 18 2:00pm,-
Formula 1 Austrian Grand Prix 2023,Jul 2 9:00am,-
Formula 1 British Grand Prix 2023,Jul 9 10:00am,-
Formula 1 Hungarian Grand Prix 2023,Jul 23 9:00am,-
Formula 1 Belgian Grand Prix 2023,Jul 30 9:00am,-
Formula 1 Heineken Dutch Grand Prix 2023,Aug 27 9:00am,-
Formula 1 Italian Grand Prix 2023,Sep 3 9:00am,-
Formula 1 Singapore Grand Prix 2023,Sep 17 8:00am,-
Formula 1 Japanese Grand Prix 2023,Sep 24 1:00am,-
Formula 1 Qatar Grand Prix 2023,Oct 8 10:00am,-
Formula 1 United States Grand Prix 2023,Oct 22 3:00pm,-
Formula 1 Mexico Grand Prix 2023,Oct 29 4:00pm,-
Formula 1 Brazil Grand Prix 2023,Nov 5 12:00pm,-
Formula 1 Las Vegas Grand Prix 2023,Nov 19 1:00am,-
Formula 1 Etihad Airways Abu Dhabi Grand Prix 2023,Nov 26 8:00am,-
